User_ID,Day,Question,Answer
user_12345,2025-11-18,What are VWAT's hours of operation?,"VWAT Family Services

Phone: +1-647-343-8928, ext. 116
Email: info@vwat.org
Website: www.vwat.org"
user_67890,2025-11-18,How do I book an appointment?,You can book an appointment online at www.vwat.org/appointments
user_12345,2025-11-18,Các dịch vụ của VWAT là gì?,"VWAT cung cấp dịch vụ định cư, việc làm, lớp tiếng Anh và nhiều hơn nữa."
2025-11-18,Job or training,"Looking for a job or want to upgrade your skills? <strong>VWAT</strong> offers free, professional employment support from experienced employment counsellors who can guide you through job search, training, and career development. Please choose the option that best matches what you need help with:"
2025-11-18,Senior services,"Looking for programs or support for seniors? <strong>VWAT</strong> offers a variety of services to help seniors stay active, connected, and informed. Please choose the option that best matches what you need help with:"
user_1763500805442_a2l43o03v,2025-11-18,Volunteer / events / partnerships,"Looking to volunteer, attend community events, or collaborate with VWAT? We offer opportunities for newcomers, youth, and community members to get involved, share skills, and connect with others. We also welcome community partners, agencies, and employers who want to collaborate - whether it's co-hosting workshops, hiring newcomer staff, or posting job opportunities on our <strong>VWAT</strong> Job Board. Please select the option that best matches your interest:"
user_1763500805442_a2l43o03v,2025-11-18,Senior services,"Looking for programs or support for seniors? <strong>VWAT</strong> offers a variety of services to help seniors stay active, connected, and informed. Please choose the option that best matches what you need help with:"
user_1763500805442_a2l43o03v,2025-11-18,Youth programs,"Looking for programs or support for youth? <strong>VWAT</strong> offers activities, workshops, and resources to help newcomer youth stay engaged, develop skills, and connect with the community. Please select the option that best matches what you need help with:"
user_1763500805442_a2l43o03v,2025-11-18,Other / Not sure,Could you please briefly tell us what you're looking for?
user_1763500805442_a2l43o03v,2025-11-18,Job or training,"Looking for a job or want to upgrade your skills? <strong>VWAT</strong> offers free, professional employment support from experienced employment counsellors who can guide you through job search, training, and career development. Please choose the option that best matches what you need help with:"
user_1763500805442_a2l43o03v,2025-11-18,Job or training,"Looking for a job or want to upgrade your skills? <strong>VWAT</strong> offers free, professional employment support from experienced employment counsellors who can guide you through job search, training, and career development. Please choose the option that best matches what you need help with:"
user_1763500805442_a2l43o03v,2025-11-18,i want trainning,"VWAT offers free training programs including:
• Food Safety skills training
• Nail Technician skills training
• English for Employment classes
• G1 Driver’s Licence Study Support
• Various employment readiness workshops"
user_1763500805442_a2l43o03v,2025-11-18,Contact Information,"<strong>VWAT</strong> Family Services

📞 Phone: <strong>+1-647-343-8928, ext. 116</strong>
📧 Email: info@vwat.org
🌐 Website: <a href=""https://www.vwat.org"" target=""_blank"">www.vwat.org</a>

We aim to respond within 1 to 2 business days."
user_1763500805442_a2l43o03v,2025-11-18,Volunteer / events / partnerships,"Looking to volunteer, attend community events, or collaborate with VWAT? We offer opportunities for newcomers, youth, and community members to get involved, share skills, and connect with others. We also welcome community partners, agencies, and employers who want to collaborate - whether it's co-hosting workshops, hiring newcomer staff, or posting job opportunities on our <strong>VWAT</strong> Job Board. Please select the option that best matches your interest:"
user_1763500805442_a2l43o03v,2025-11-18,Contact Information,"<strong>VWAT</strong> Family Services

📞 Phone: <strong>+1-647-343-8928, ext. 116</strong>
📧 Email: info@vwat.org
🌐 Website: <a href=""https://www.vwat.org"" target=""_blank"">www.vwat.org</a>

We aim to respond within 1 to 2 business days."
user_1763500805442_a2l43o03v,2025-11-18,Contact Information,"<strong>VWAT</strong> Family Services

📞 Phone: <strong>+1-647-343-8928, ext. 116</strong>
📧 Email: info@vwat.org
🌐 Website: <a href=""https://www.vwat.org"" target=""_blank"">www.vwat.org</a>

We aim to respond within 1 to 2 business days."
user_1763500805442_a2l43o03v,2025-11-18,Contact Information,"<strong>VWAT</strong> Family Services

📞 Phone: <strong>+1-647-343-8928, ext. 116</strong>
📧 Email: info@vwat.org
🌐 Website: <a href=""https://www.vwat.org"" target=""_blank"">www.vwat.org</a>

We aim to respond within 1 to 2 business days."
user_1763500805442_a2l43o03v,2025-11-18,Contact Information,"<strong>VWAT</strong> Family Services

📞 Phone: <strong>+1-647-343-8928, ext. 116</strong>
📧 Email: info@vwat.org
🌐 Website: <a href=""https://www.vwat.org"" target=""_blank"">www.vwat.org</a>

We aim to respond within 1 to 2 business days."
user_1763500805442_a2l43o03v,2025-11-18,Contact Information,"<strong>VWAT</strong> Family Services

📞 Phone: <strong>+1-647-343-8928, ext. 116</strong>
📧 Email: info@vwat.org
🌐 Website: <a href=""https://www.vwat.org"" target=""_blank"">www.vwat.org</a>

We aim to respond within 1 to 2 business days."
user_1763500805442_a2l43o03v,2025-11-18,Contact Information,"<strong>VWAT</strong> Family Services

📞 Phone: <strong>+1-647-343-8928, ext. 116</strong>
📧 Email: info@vwat.org
🌐 Website: <a href=""https://www.vwat.org"" target=""_blank"">www.vwat.org</a>

We aim to respond within 1 to 2 business days."
user_1763500805442_a2l43o03v,2025-11-18,Job or training,"Looking for a job or want to upgrade your skills? <strong>VWAT</strong> offers free, professional employment support from experienced employment counsellors who can guide you through job search, training, and career development. Please choose the option that best matches what you need help with:"
user_1763500805442_a2l43o03v,2025-11-18,Other,Could you please briefly tell us what you're looking for?
user_1763500805442_a2l43o03v,2025-11-18,Contact Information,"<strong>VWAT</strong> Family Services

📞 Phone: <strong>+1-647-343-8928, ext. 116</strong>
📧 Email: info@vwat.org
🌐 Website: <a href=""https://www.vwat.org"" target=""_blank"">www.vwat.org</a>

We aim to respond within 1 to 2 business days."
user_1763500805442_a2l43o03v,2025-11-18,Contact Information,"<strong>VWAT</strong> Family Services

📞 Phone: <strong>+1-647-343-8928, ext. 116</strong>
📧 Email: info@vwat.org
🌐 Website: <a href=""https://www.vwat.org"" target=""_blank"">www.vwat.org</a>

We aim to respond within 1 to 2 business days."
user_1763500805442_a2l43o03v,2025-11-18,New to Canada / Settlement help,"Welcome to Canada! We support newcomers with housing, health care, schools, and more. What do you need help with today?"
user_1763500805442_a2l43o03v,2025-11-18,Finding a family doctor or getting a health card (OHIP card),"VWAT can help you get a family doctor or health card. You can call us at <strong>647-343-8928, ext. 116</strong>, fill out our contact form, or book an appointment here. A settlement worker will get back to assist you. We aim to respond within 1 to 2 business days."
user_1763500805442_a2l43o03v,2025-11-18,Forms / tax / benefits help,Need help with forms or taxes? <strong>VWAT</strong> can assist newcomers with government forms and personal income tax filing. Please choose the option that best matches what you need help with:
user_1763500805442_a2l43o03v,2025-11-18,Other / Not sure,Could you please briefly tell us what you're looking for?
user_1763500805442_a2l43o03v,2025-11-18,Personal income tax filing,"<strong>VWAT</strong> has partnered with the Community Volunteer Income Tax Program (CVITP) since 2017 to offer a free income tax clinic in Toronto. Our experienced tax advisors provide guidance to make the process stress-free, helping you organize your documents and answer any questions. To access our free tax clinic, you can call us at <strong>647-343-8928, ext. 116</strong>, or book an appointment online here. Note: For assistance with filing 2022 or earlier tax years, please select Thuy Nguyen. For 2023 or later tax years, you may choose any tax preparer."
user_1763500805442_a2l43o03v,2025-11-18,Contact Information,"<strong>VWAT</strong> Family Services

📞 Phone: <strong>+1-647-343-8928, ext. 116</strong>
📧 Email: info@vwat.org
🌐 Website: <a href=""https://www.vwat.org"" target=""_blank"">www.vwat.org</a>

We aim to respond within 1 to 2 business days."
user_1763500805442_a2l43o03v,2025-11-18,Contact Information,"<strong>VWAT</strong> Family Services

📞 Phone: <strong>+1-647-343-8928, ext. 116</strong>
📧 Email: info@vwat.org
🌐 Website: <a href=""https://www.vwat.org"" target=""_blank"">www.vwat.org</a>

We aim to respond within 1 to 2 business days."
user_1763500805442_a2l43o03v,2025-11-18,where vwat loaction,"• 1756 St. Clair Ave West, Toronto ON M6N 1J3"
user_1763500805442_a2l43o03v,2025-11-18,Contact Information,"<strong>VWAT</strong> Family Services

📍 Address: 1756 St. Clair Ave West, Toronto, ON M6N 1J3
📞 Phone: <strong>+1-647-343-8928, ext. 116</strong>
📧 Email: info@vwat.org
🌐 Website: www.vwat.org

We aim to respond within 1 to 2 business days."
user_1763500805442_a2l43o03v,2025-11-18,Contact Information,"<strong>VWAT</strong> Family Services

📍 Address: 1756 St. Clair Ave West, Toronto, ON M6N 1J3
📞 Phone: <strong>+1-647-343-8928, ext. 116</strong>
📧 Email: info@vwat.org
🌐 Website: www.vwat.org

We aim to respond within 1 to 2 business days."
user_1763500805442_a2l43o03v,2025-11-18,what vwat stand for,VWAT stands for Vietnamese Women's Association of Toronto.
user_1763500805442_a2l43o03v,2025-11-18,Why should I donate to VWAT?,Your donation helps to improve the lives of people who have moved to Canada. We've been helping our community since 1982 and appreciate all the support we have received over the last 40 years! We issue tax receipts for donations that are $20 and over.
user_1763500805442_a2l43o03v,2025-11-20,Job or training,"Looking for a job or want to upgrade your skills? <strong>VWAT</strong> offers free, professional employment support from experienced employment counsellors who can guide you through job search, training, and career development. Please choose the option that best matches what you need help with:"
user_1763500805442_a2l43o03v,2025-11-20,Other,Could you please briefly tell us what you're looking for?
user_1763500805442_a2l43o03v,2025-11-20,New to Canada / Settlement help,"Welcome to Canada! We support newcomers with housing, health care, schools, and more. What do you need help with today?"
user_1763500805442_a2l43o03v,2025-11-20,Other,Could you please briefly tell us what you're looking for?
user_1763500805442_a2l43o03v,2025-11-20,Forms / tax / benefits help,Need help with forms or taxes? <strong>VWAT</strong> can assist newcomers with government forms and personal income tax filing. Please choose the option that best matches what you need help with:
user_1763500805442_a2l43o03v,2025-11-20,Contact Information,"<strong>VWAT</strong> Family Services

📍 Address: 1756 St. Clair Ave West, Toronto, ON M6N 1J3
📞 Phone: <strong>+1-647-343-8928, ext. 116</strong>
📧 Email: info@vwat.org
🌐 Website: www.vwat.org

We aim to respond within 1 to 2 business days."
user_1763500805442_a2l43o03v,2025-11-20,what vwat stand for,VWAT stands for Vietnamese Women’s Association of Toronto.
user_1763500805442_a2l43o03v,2025-11-20,tell me weather today,The context does not provide information about the weather.
user_1763500805442_a2l43o03v,2025-11-20,tell me raptor today,"VWAT Family Services is located at 1756 St. Clair Ave West, Toronto ON M6N 1J3. It is open Mon–Fri 9:00 AM–4:30 PM; closed weekends and holidays.

•   You can reach VWAT by phone at 647-343-8928 ext. 116.
•   General email: info@vwat.org
•   Employment services: employment@vwat.org
•   Youth programs: youth@vwat.org
•   Senior programs coordinator: Thu Le (tle@vwat.org, ext. 116)
•   Manager, Settlement & Employment Services: Thuy Nguyen (tnguyen@vwat.org, ext. 112)
•   Website: https://www.vwat.org"
user_1763500805442_a2l43o03v,2025-11-20,tell me weather,"I apologize, but this question is outside my area of support. I'm designed to help with VWAT Family Services programs and services.

Please ask about:
• Settlement services for newcomers to Canada
• Employment and training support
• English language classes
• Services for seniors and youth
• Contact information and appointments"
user_1763682988621_4gndwnznw,2025-11-20,Lớp tiếng Anh,"Bạn muốn cải thiện tiếng Anh hoặc tham gia lớp học ngôn ngữ? <strong>VWAT</strong> cung cấp các lớp học trò chuyện tiếng Anh thân thiện, hấp dẫn giúp người mới đến thực hành và xây dựng sự tự tin. Chúng tôi cũng giúp bạn đặt phiên Đánh giá Ngôn ngữ YMCA để nhận giới thiệu cho các lớp LINC được tài trợ bởi IRCC và tìm lớp phù hợp với lịch trình của bạn - ban ngày, buổi tối, cuối tuần, trực tuyến hoặc trực tiếp. Vui lòng chọn tùy chọn phù hợp nhất với những gì bạn cần giúp đỡ:"
user_1763682988621_4gndwnznw,2025-11-20,Đặt lịch Đánh giá Ngôn ngữ YMCA / giới thiệu LINC,"<strong>VWAT</strong> có thể giúp bạn đặt phiên Đánh giá Ngôn ngữ với YMCA để nhận giới thiệu cho các lớp LINC được tài trợ bởi IRCC. Vui lòng gọi cho chúng tôi theo số 647-343-8928, nối máy 116, điền vào mẫu liên hệ của chúng tôi hoặc đặt lịch hẹn tại đây. Nhân viên định cư sẽ liên hệ lại để hỗ trợ bạn. Chúng tôi sẽ phản hồi trong vòng 1 đến 2 ngày làm việc."
user_1763682988621_4gndwnznw,2025-11-20,Contact Information,"<strong>VWAT</strong> Family Services

📍 Địa chỉ: 1756 St. Clair Ave West, Toronto, ON M6N 1J3
📞 Điện thoại: <strong>+1-647-343-8928, nối máy 116</strong>
📧 Email: info@vwat.org
🌐 Website: www.vwat.org

Chúng tôi sẽ phản hồi trong vòng 1 đến 2 ngày làm việc."
user_1763682988621_4gndwnznw,2025-11-20,what weather today,"Xin lỗi, câu hỏi này nằm ngoài phạm vi hỗ trợ của tôi. Tôi được thiết kế để hỗ trợ về các dịch vụ và chương trình của VWAT Family Services.

Vui lòng hỏi về:
• Dịch vụ định cư cho người mới đến Canada
• Hỗ trợ việc làm và đào tạo
• Lớp học tiếng Anh
• Dịch vụ cho người cao tuổi và thanh thiếu niên
• Thông tin liên hệ và đặt lịch hẹn"
user_1763682988621_4gndwnznw,2025-11-20,what usd/cad today,"I apologize, but this question is outside my area of support. I'm designed to help with VWAT Family Services programs and services.

Please ask about:
• Settlement services for newcomers to Canada
• Employment and training support
• English language classes
• Services for seniors and youth
• Contact information and appointments"
